hidden_nodes,l2Reg,dropout,val_acc,acc,val_loss,loss
784.0,0.0,0.0,0.10120000004768372,0.09038333353276054,14.436400947570801,14.661288226445516
